{
  "name": "dragontactics",
  "title": "Dragon Tactics",
  "description": "A 4th Edition D&D Variant",
  "version": "0.8.3",
  "minimumCoreVersion": "0.5.7",
  "compatibleCoreVersion": "0.6.0",
  "templateVersion": 2,
  "author": "Joseph Meehan",
  "esmodules": ["scripts/dragontactics.js"],
  "styles": ["styles/dragontactics-styles.css"],
  "packs": [
    {
      "name": "monsters",
      "label": "Monsters",
      "system": "dragontactics",
      "module": "dragontactics",
      "path": "./packs/monsters.db",
      "entity": "Actor"
    },
    {
      "name": "equipment",
      "label": "Equipment",
      "system": "dragontactics",
      "module": "dragontactics",
      "path": "packs/equipment.db",
      "entity": "Item"
    },
    {
      "name": "classes",
      "label": "Classes",
      "system": "dragontactics",
      "module": "dragontactics",
      "path": "./packs/classes.db",
      "entity": "Item"
    },
    {
      "name": "powers",
      "label": "Powers",
      "system": "dragontactics",
      "module": "dragontactics",
      "path": "./packs/powers.db",
      "entity": "Item"
    },
    {
      "name": "races",
      "label": "Races",
      "system": "dragontactics",
      "module": "dragontactics",
      "path": "./packs/races.db",
      "entity": "Item"
    },
    {
      "name": "rituals",
      "label": "Rituals",
      "system": "dragontactics",
      "module": "dragontactics",
      "path": "./packs/rituals.db",
      "entity": "Item"
    },
    {
      "name": "feats",
      "label": "Feats",
      "system": "dragontactics",
      "module": "dragontactics",
      "path": "./packs/feats.db",
      "entity": "Item"
    },
    {
      "name": "competencies",
      "label": "Competencies",
      "system": "dragontactics",
      "module": "dragontactics",
      "path": "./packs/competencies.db",
      "entity": "Item"
    },
    {
			"name": "action-cards",
			"label": "Action Cards",
			"system": "swade",
			"path": "./packs/action-cards.db",
			"entity": "JournalEntry"
		}
  ],
  "languages": [],
  "socket": false,
  "gridDistance": 5,
  "gridUnits": "ft",
  "primaryTokenAttribute": "health",
  "secondaryTokenAttribute": "surges",
  "url": "https://kanka.io/en-US/campaign/6529",
  "manifest": "https://github.com/JPMeehan/DragonTactics-Foundry/raw/master/dragontactics/system.json",
  "download": "https://github.com/JPMeehan/DragonTactics-Foundry/raw/master/dragontactics.zip"
}