{
  "name": "Dragon Tactics",
  "title": "A 4e Variant",
  "description": "Many details here.",
  "version": "1.0.0",
  "templateVersion": 2,
  "author": "Joseph Meehan",
  "minimumCoreVersion": 0.5.5,
  "scripts": [
    "scripts/system-script-1.js",
    "scripts/system-script-2.js"
  ],
  "esmodules": [
    "scripts/system-module-1.mjs"
  ],
  "styles": [
    "styles/charsheet.css"
  ],
  "packs": [
    {
      "name": "monsters",
      "label": "Monsters",
      "system": "mysystem",
      "module": "mysystem",
      "path": "packs/monsters.db",
      "entity": "Actor"
    },
    {
      "name": "items",
      "label": "Items",
      "system": "mysystem",
      "module": "mysystem",
      "path": "packs/items.db",
      "entity": "Item"
    }
  ],
  "languages": [
    {
      "lang": "en",
      "name": "English",
      "path": "lang/en.json"
    }
  ],
  "socket": false,
  "initiative": "1d20",
  "gridDistance": 5,
  "gridUnits": "ft",
  "primaryTokenAttribute": "resources.health",
  "secondaryTokenAttribute": "resources.power",
  "url": "https://kanka.io/en-US/campaign/6529",
  "manifest": "https://your/hosted/system/repo/system.json",
  "download": "https://your/packaged/download/archive.zip"
}