{
  "name": "dragontactics",
  "title": "Dragon Tactics",
  "description": "A 4th Edition D&D Variant",
  "version": "0.1",
  "minimumCoreVersion": "0.5.5",
  "templateVersion": 1,
  "author": "Joseph Meehan",
  "scripts": [
    "scripts/dragontactics-script-1.js",
    "scripts/dragontactics-script-2.js"
  ],
  "esmodules": [
    "scripts/dragontactics-module-1.mjs"
  ],
  "styles": [
    "styles/charsheet.css",
	"styles/dragontactics-styles.css"
  ],
  "packs": [
    {
      "name": "monsters",
      "label": "Monsters",
      "system": "dragontactics",
      "module": "dragontactics",
      "path": "packs/monsters.db",
      "entity": "Actor"
    },
    {
      "name": "equipment",
      "label": "Equipment",
      "system": "dragontactics",
      "module": "dragontactics",
      "path": "packs/equipment.db",
      "entity": "Item"
    },
	{
      "name": "classes",
      "label": "Classes",
      "system": "dragontactics",
      "module": "dragontactics",
      "path": "packs/classes.db",
      "entity": "Item"
    },
	{
      "name": "powers",
      "label": "Powers",
      "system": "dragontactics",
      "module": "dragontactics",
      "path": "packs/powers.db",
      "entity": "Item"
    },
	{
      "name": "rituals",
      "label": "Rituals",
      "system": "dragontactics",
      "module": "dragontactics",
      "path": "packs/rituals.db",
      "entity": "Item"
    },
	{
      "name": "feats",
      "label": "Feats",
      "system": "dragontactics",
      "module": "dragontactics",
      "path": "packs/feats.db",
      "entity": "Item"
    },
	{
      "name": "competencies",
      "label": "Competencies",
      "system": "dragontactics",
      "module": "dragontactics",
      "path": "packs/competencies.db",
      "entity": "Item"
    }
  ],
  "languages": [
    {
      "lang": "en",
      "name": "English",
      "path": "lang/en.json"
    }
  ],
  "socket": false,
  "initiative": "1d54",
  "gridDistance": 5,
  "gridUnits": "ft",
  "primaryTokenAttribute": "health",
  "secondaryTokenAttribute": "surges",
  "url": "https://kanka.io/en-US/campaign/6529",
  "manifest": "https://github.com/JPMeehan/DragonTactics-Foundry/raw/master/dragontactics/system.json",
  "download": "https://github.com/JPMeehan/DragonTactics-Foundry/raw/master/dragontactics.zip"
}