{
    "data": [
        {
        "name": "Addiction",
        "type": "feat",
        "description": "<p>Your character is addicted to something. Whether that's a physical substance or a behavior like gambling, you're always looking for your next fix. If you go too long you might get snappy, depressed, or otherwise exhibit overly strong emotions. When you have a chance to get a fix you have trouble stopping and might need an ally to help.</p>"
    }, {
        "name": "Arrogant",
        "type": "feat",
        "description": "<p>Your character doesn&rsquo;t think they're the best&mdash; they knows they are. Whatever it is, few compare to their skills and they flaunt it every chance they get.</p><p>Winning just isn&rsquo;t enough for your character. They must completely dominate their opponent. Anytime there is even a shadow of a doubt as to who is better, they must humiliate their opponent and prove they can snatch victory any time they wish. They are the kind of person who disarms an opponent in a duel just so they can pick the sword up and hand it back with a smirk.</p><p>Arrogant characteres always look for the &ldquo;boss&rdquo; in battle, attacking lesser minions only if they get in the way</p>"
    }, {
        "name": "Big Mouth",
        "type": "feat",
        "description": "<p>Loose lips sink ships, the saying goes. Your character&rsquo;s mouth could drown an armada. Your character can&rsquo;t keep a secret very well. They reveals plans and gives away things best kept among friends, usually at the worst possible times.</p>"
    }, {
        "name": "Bloodthirsty",
        "type": "feat",
        "description": "<p>Your character never takes prisoners if at all possible. The more gruesome death the better, and sometimes this bloodthirst leads your character to kick enemies that are already down over eliminating those still standing.</p>"
    }, {
        "name": "Calling Card",
        "type": "feat",
        "description": "<p>Your character wants to leave their mark on the world. You take that rather literally, and always leave some sort of mark wherever you've been. That can be a playing card or simply some form of symbol that is unique to you, perhaps stylized after a noble crescent or dragonmark.</p>"
    }, {
        "name": "Cautious",
        "type": "feat",
        "description": "<p>Some folks gather too much intelligence. This character personifies over-cautiousness. Your character never makes rash decisions and likes to plot things out in detail long before any action is taken.</p>"
    }, {
        "name": "Code of Honor",
        "type": "feat",
        "description": "<p>Honor is very important to your character. Your character keeps their word, won&rsquo;t abuse or kill prisoners, and generally tries to operate within a sense of 'proper etiquette'.</p>"
    }, {
        "name": "Coward",
        "type": "feat",
        "description": "<p>Not everyone has ice water in their veins. Your character is squeamish at the sight of blood and gore and terrified of coming to harm.</p>"
    }, {
        "name": "Curious",
        "type": "feat",
        "description": "<p>It killed the cat, and it might kill your character as well. Curious characters are easily dragged into any adventure. They have to check out everything and always want to know what&rsquo;s behind a potential mystery.</p>"
    }, {
        "name": "Cursed",
        "type": "feat",
        "description": "<p>Khorvaire is rich in magic, both good and bad. Hags, faeries, and many other creatures can place curses on unlucky children or families who cross them.</p>"
    }, {
        "name": "Death Wish",
        "type": "feat",
        "description": "<p>Your character has one last goal they want to accomplish before they die and their life is complete, and will sacrifice anything to accomplisth that goal.</p>"
    }, {
        "name": "Delusional",
        "type": "feat",
        "description": "<p>Your character believes something that is considered quite strange by everyone else. They generally keep the delusion to themself, but it impacts their choices in a measurable way.</p>"
    }, {
        "name": "Enemy",
        "type": "feat",
        "description": "<p>Someone out there hates the character and wants them dead. The power of the enemy will generally grow with the power of the character, and if the enemy is defeated then a new one will spring up.</p>"
    }, {
        "name": "Greedy",
        "type": "feat",
        "description": "<p>Your miserly character measures their worth in treasure. Your character values wealth above any other reward, and will never give up what they see as their fair share</p>"
    }, {
        "name": "Heroic",
        "type": "feat",
        "description": "<p>This noble soul never says no to a person in need. They don&rsquo;t have to be happy about it, but they always comes to the rescue of those they feel can&rsquo;t help themselves. They&rsquo;re the first one to run into a burning building, usually agrees to hunt monsters for little or no pay, and are generally a pushover for a sob story.</p>"
    }, {
        "name": "Impulsive",
        "type": "feat",
        "description": "<p>The daredevil almost always leaps before they look. They rarely think things through before taking action.</p>"
    }, {
        "name": "Jealous",
        "type": "feat",
        "description": "<p>Insecurity leads to envy of others&rsquo; accomplishments or being overly possessive of what this disgruntled soul feels belongs to him.</p><p>He often complains, pouts, covets others&rsquo; possessions or accolades, claims credit for another&rsquo;s work, disobeys commands, and generally causes problems.</p>"
    }, {
        "name": "Jumpy",
        "type": "feat",
        "description": "<p>Your character is easily frightened and scared by loud noises and dark places.</p>"
    }, {
        "name": "Loyal",
        "type": "feat",
        "description": "<p>Your character may not be a character, but they&rsquo;d give their life for their friends. This character can never leave someone behind if there&rsquo;s any chance at all they could help.</p>"
    }, {
        "name": "Mean",
        "type": "feat",
        "description": "<p>This fellow is ill-tempered and disagreeable. No one really likes them, and they have trouble doing anything kind for anyone else. They must be paid for their troubles and doesn&rsquo;t even accept awards graciously</p>"
    }, {
        "name": "Monologuer",
        "type": "feat",
        "description": "<p>Your character never turns down a chance to give a long speech lecturing evildoers, especially when they think the battle has been won and there's no other possible risk.</p>"
    }, {
        "name": "Obligation",
        "type": "feat",
        "description": "<p>Your character has some outside responsibility they need to fill - whether due to formal membership in an organization or feeling that there is an unpaid debt, your character is bound to a course of action.</p>"
    }, {
        "name": "Obsession",
        "type": "feat",
        "description": "<p>Your character just has to have or do something. Whether it's a very particular set of practices every morning and every evening or a long term goal they're fixated on, it's something that actively shapes their actions</p>"
    }, {
        "name": "Overconfident",
        "type": "feat",
        "description": "<p>There&rsquo;s nothing out there your character can&rsquo;t defeat. At least that&rsquo;s what they think. They believe they can do most anything and never want to retreat from a challenge. They're not suicidal, but they certainly takes on more than common sense would suggest.</p>"
    }, {
        "name": "Pacifist",
        "type": "feat",
        "description": "<p>Your character absolutely despises violence. Pacifism means they only fights when given no other choice, and never allows the killing of prisoners or other defenseless victims. Note that undeniably evil creatures, undead, demons, and the like are fair game.</p>"
    }, {
        "name": "Phobia",
        "type": "feat",
        "description": "<p>Phobias are overwhelming and irrational fears that stay with a character for the rest of their life. Phobias shouldn&rsquo;t be too obvious&mdash;everyone should be afraid of vampires, for example, so it&rsquo;s not a phobia&mdash;it&rsquo;s common sense. Instead, the phobia usually centers on some random element the mind focused on during whatever encounter caused such a fright. Remember, phobias are irrational fears.</p>"
    }, {
        "name": "Prejudiced",
        "type": "feat",
        "description": "<p>Whether from a bad experience or from their community, your character is prejudiced another group or race. Examples include a belief that Warforged are still objects or against another nation for their actions during the Last War</p>"
    }, {
        "name": "Quirk",
        "type": "feat",
        "description": "<p>Your character has some minor foible that is usually humorous, but can occasionally cause him trouble. A swashbuckler may always try to first slash her initials on her foes before attacking, a dwarf may brag constantly about his culture, or a snobby debutante might not eat, drink, or socialize with the lower class.</p>"
    }, {
        "name": "Shamed",
        "type": "feat",
        "description": "<p>Something haunts your character. Maybe they made a vow they didn&rsquo;t keep. Maybe they were defeated in an honorable fight and ordered the death of their foe anyway for some greater principle. Maybe they aren&rsquo;t actually cowardly but once ran from a battle and left others to die</p>"
    }, {
        "name": "Stubborn",
        "type": "feat",
        "description": "<p>This stubborn individual always wants their way and never admits they're wrong. Even when it&rsquo;s painfully obvious they've made a mistake they try to justify it with half-truths and rationalizations, and may bring it up again much later.</p>"
    }, {
        "name": "Suspicious",
        "type": "feat",
        "description": "<p>Your character is suspicious of everyone. Their paranoia causes frequent trust issues. They might demand full payment before doing a task, want every agreement in writing, or believe even their friends are out to get them.</p>"
    }, {
        "name": "Temper",
        "type": "feat",
        "description": "<p>Your character is quick to anger when they feel slighted or wronged, and take it out on whoever's closest</p>"
    }, {
        "name": "Vengeful",
        "type": "feat",
        "description": "<p>Your character always attempts to right a wrong they feels was done to them. The type and immediacy of their vengeance varies by character, of course. Some plot and scheme for months to extract what they see as justice. Others demand immediate results.</p>"
    }, {
        "name": "Vow",
        "type": "feat",
        "description": "<p>The character has a vow of some sort. Some may have Vows to particular orders or causes, to the Hippocratic Oath, to rid the world of evil, and so on. Whatever the Vow, it only counts if it actually comes into play from time to time and causes the character some discomfort</p>"
    }, {
        "name": "Uncouth",
        "type": "feat",
        "description": "<p>Your character always finds the wrong thing to say at the right time, whether it's insults or just a general lack of grace</p>"
    }, {
        "name": "Vendetta",
        "type": "feat",
        "description": "<p>You have someone you hold a grudge against for something done to your character in the past.</p>"
    }, {
        "name": "Wanted",
        "type": "feat",
        "description": "<p>Your character has committed some crime in their past and will be arrested if discovered by the authorities. This crime could be a crime of passion or of a necessity for more characteric characters, or more cold blooded and calculated for less characteric characters. Alternatively this could be a \"crime\" known to authorities that the character was framed for.</p>"
    }]
}